{"cameraMode":{"drawMode":0,"name":"Shaded","section":"Shading Mode"},"sceneLighting":false,"audioPlay":false,"sceneViewState":{"showFog":false,"showMaterialUpdate":false,"showSkybox":false,"showFlares":false,"showImageEffects":false,"showParticleSystems":false},"in2DMode":false,"pivot":{"x":-2.8499999046325685,"y":0.8500000238418579,"z":-1.6100000143051148},"rotation":{"x":-0.006178820505738258,"y":-0.9817705750465393,"z":-0.03240809589624405,"w":0.18718472123146058},"size":3.2834584712982179,"orthographic":false}