{"cameraMode":{"drawMode":0,"name":"Shaded","section":"Shading Mode"},"sceneLighting":false,"audioPlay":false,"sceneViewState":{"showFog":false,"showMaterialUpdate":false,"showSkybox":false,"showFlares":false,"showImageEffects":false,"showParticleSystems":false},"in2DMode":false,"pivot":{"x":0.8220142126083374,"y":4.0025634765625,"z":-3.6546406745910646},"rotation":{"x":-0.022655513137578965,"y":0.8959717154502869,"z":-0.04601297155022621,"w":-0.44113972783088686},"size":2.984926223754883,"orthographic":false}