{"cameraMode":{"drawMode":0,"name":"Shaded","section":"Shading Mode"},"sceneLighting":false,"audioPlay":false,"sceneViewState":{"showFog":false,"showMaterialUpdate":false,"showSkybox":false,"showFlares":false,"showImageEffects":false,"showParticleSystems":false},"in2DMode":false,"pivot":{"x":-0.0044999998062849049,"y":1.0110000371932984,"z":0.017000000923871995},"rotation":{"x":0.0045533753000199799,"y":0.9595352411270142,"z":-0.2811225652694702,"w":0.015541297383606434},"size":5.268255233764648,"orthographic":false}